{
  "nu": 0.7051725745710238,
  "home_adv": 141.63835606024134,
  "train_nll": 0.922609457975218,
  "test_logloss": 0.8681955684886311,
  "fitted": "2026-06-11T21:17:47.753678",
  "coverage": 1.0
}