{
  "host_bonus": 14.1,
  "nll_without": 0.8485,
  "nll_with": 0.848,
  "n_matches": 47,
  "nu": 0.7051725745710238,
  "home_adv": 141.63835606024134,
  "fitted": "2026-06-13T15:13:41.319385"
}