{
  "test_logloss": 0.9143011608887813,
  "n_test": 7383,
  "goal_calib_home": 0.9606740457716081,
  "goal_calib_away": 1.017229566917366
}